{
    "now": "2023-01-21T08:17:49.280Z",
    "perfNow": 86107.59999996424,
    "diagnosticCorrelation": "b9ed05c9-83db-42c4-a8fb-24240c0ee394",
    "source": "DownloadSupportFiles",
    "environment": {
        "productName": "adf",
        "buildVersion": "1.0.012023.2",
        "environmentType": 3,
        "resourceName": "UmerDataDbFactory",
        "resourceRegion": "eastus",
        "resourceGroup": "UmerUI",
        "subscriptionId": "990e04e8-f1bd-445f-95a1-d4feef0cdf38",
        "sessionId": "iy/xcklYl+mJGA1+m3iD6M",
        "operationId": "",
        "gitType": "live",
        "loggingKey": "4caefd4c-7065-4c96-8317-11c4c57319f7"
    },
    "additionalInfo": {
        "selectedResource": "ParametrizedcopyingDataPipelineP5",
        "selectedResourceType": "pipeline"
    }
}