{
    "name": "Excel1",
    "properties": {
        "linkedServiceName": {
            "referenceName": "AzureBlobStorage",
            "type": "LinkedServiceReference"
        },
        "annotations": [],
        "type": "Excel",
        "typeProperties": {
            "sheetName": "Car Produce",
            "location": {
                "type": "AzureBlobStorageLocation",
                "fileName": "Car Produce - Copy.xlsx",
                "container": "raw4"
            },
            "firstRowAsHeader": true
        },
        "schema": [
            {
                "name": "ID Number",
                "type": "String"
            },
            {
                "name": "Cars Produce",
                "type": "String"
            },
            {
                "name": "Year",
                "type": "String"
            }
        ]
    },
    "type": "Microsoft.DataFactory/factories/datasets"
}