{
    "name": "dataflow1",
    "properties": {
        "type": "MappingDataFlow",
        "typeProperties": {
            "sources": [
                {
                    "dataset": {
                        "referenceName": "sourceCarData",
                        "type": "DatasetReference"
                    },
                    "name": "raw1"
                },
                {
                    "dataset": {
                        "referenceName": "SourcrCarData2",
                        "type": "DatasetReference"
                    },
                    "name": "raw2"
                }
            ],
            "sinks": [
                {
                    "dataset": {
                        "referenceName": "UnionData1",
                        "type": "DatasetReference"
                    },
                    "name": "sinkToTarget1"
                },
                {
                    "dataset": {
                        "referenceName": "UnionData2",
                        "type": "DatasetReference"
                    },
                    "name": "sink2"
                }
            ],
            "transformations": [
                {
                    "name": "union1"
                },
                {
                    "name": "aggregate1"
                }
            ],
            "scriptLines": [
                "source(output(",
                "          {ID Number} as string,",
                "          {Cars Produce} as integer,",
                "          Year as string",
                "     ),",
                "     allowSchemaDrift: true,",
                "     validateSchema: false,",
                "     ignoreNoFilesFound: false) ~> raw1",
                "source(output(",
                "          {ID Number} as string,",
                "          {Cars Produce} as integer,",
                "          Year as string",
                "     ),",
                "     allowSchemaDrift: true,",
                "     validateSchema: false,",
                "     ignoreNoFilesFound: false) ~> raw2",
                "raw1, raw2 union(byName: true)~> union1",
                "union1 aggregate(groupBy(Year),",
                "     {Cars Produce} = sum({Cars Produce})) ~> aggregate1",
                "union1 sink(allowSchemaDrift: true,",
                "     validateSchema: false,",
                "     skipDuplicateMapInputs: true,",
                "     skipDuplicateMapOutputs: true,",
                "     partitionBy('hash', 1)) ~> sinkToTarget1",
                "aggregate1 sink(allowSchemaDrift: true,",
                "     validateSchema: false,",
                "     skipDuplicateMapInputs: true,",
                "     skipDuplicateMapOutputs: true,",
                "     partitionBy('hash', 1)) ~> sink2"
            ]
        }
    }
}