{
    "name": "deletingFileP2",
    "properties": {
        "activities": [
            {
                "name": "Delete1",
                "type": "Delete",
                "dependsOn": [],
                "policy": {
                    "timeout": "0.12:00:00",
                    "retry": 0,
                    "retryIntervalInSeconds": 30,
                    "secureOutput": false,
                    "secureInput": false
                },
                "userProperties": [],
                "typeProperties": {
                    "dataset": {
                        "referenceName": "Binary1",
                        "type": "DatasetReference"
                    },
                    "logStorageSettings": {
                        "linkedServiceName": {
                            "referenceName": "AzureBlobStorage",
                            "type": "LinkedServiceReference"
                        }
                    },
                    "enableLogging": true,
                    "storeSettings": {
                        "type": "AzureBlobStorageReadSettings",
                        "recursive": true,
                        "enablePartitionDiscovery": false
                    }
                }
            }
        ],
        "annotations": [],
        "lastPublishTime": "2022-12-26T13:33:16Z"
    },
    "type": "Microsoft.DataFactory/factories/pipelines"
}