{
    "name": "DataFlowPipelineP4",
    "properties": {
        "activities": [
            {
                "name": "dataflow4",
                "type": "ExecuteDataFlow",
                "dependsOn": [],
                "policy": {
                    "timeout": "0.12:00:00",
                    "retry": 0,
                    "retryIntervalInSeconds": 30,
                    "secureOutput": false,
                    "secureInput": false
                },
                "userProperties": [],
                "typeProperties": {
                    "dataflow": {
                        "referenceName": "dataflow4",
                        "type": "DataFlowReference"
                    },
                    "compute": {
                        "coreCount": 8,
                        "computeType": "General"
                    },
                    "traceLevel": "Fine",
                    "continuationSettings": {
                        "customizedCheckpointKey": "0fd5eec0-ab45-4a27-9c9b-37d5f2634008"
                    }
                }
            }
        ],
        "annotations": [],
        "lastPublishTime": "2022-12-27T15:33:55Z"
    },
    "type": "Microsoft.DataFactory/factories/pipelines"
}