{
    "name": "dataflow4",
    "properties": {
        "type": "MappingDataFlow",
        "typeProperties": {
            "sources": [
                {
                    "dataset": {
                        "referenceName": "AzureSqlTable4",
                        "type": "DatasetReference"
                    },
                    "name": "sourcedbproduct"
                }
            ],
            "sinks": [
                {
                    "dataset": {
                        "referenceName": "DelimitedText4",
                        "type": "DatasetReference"
                    },
                    "name": "sink10"
                }
            ],
            "transformations": [],
            "scriptLines": [
                "source(output(",
                "          ProductID as integer,",
                "          Name as string,",
                "          ProductNumber as string,",
                "          Color as string,",
                "          StandardCost as decimal(19,4),",
                "          ListPrice as decimal(19,4),",
                "          Size as string,",
                "          Weight as decimal(8,2),",
                "          ProductCategoryID as integer,",
                "          ProductModelID as integer,",
                "          SellStartDate as timestamp,",
                "          SellEndDate as timestamp,",
                "          DiscontinuedDate as timestamp,",
                "          ThumbNailPhoto as binary,",
                "          ThumbnailPhotoFileName as string,",
                "          rowguid as string,",
                "          ModifiedDate as timestamp",
                "     ),",
                "     allowSchemaDrift: true,",
                "     validateSchema: false,",
                "     enableCdc: true,",
                "     mode: 'read',",
                "     skipInitialLoad: false,",
                "     waterMarkColumn: 'ProductID',",
                "     isolationLevel: 'READ_UNCOMMITTED',",
                "     format: 'table') ~> sourcedbproduct",
                "sourcedbproduct sink(allowSchemaDrift: true,",
                "     validateSchema: false,",
                "     skipDuplicateMapInputs: true,",
                "     skipDuplicateMapOutputs: true,",
                "     saveOrder: 1,",
                "     partitionBy('hash', 1)) ~> sink10"
            ]
        }
    }
}