{
    "now": "2023-01-21T08:17:19.573Z",
    "perfNow": 56400.59999996424,
    "diagnosticCorrelation": "82b6de09-cb0a-443e-b388-ed51d62c1b8d",
    "source": "DownloadSupportFiles",
    "environment": {
        "productName": "adf",
        "buildVersion": "1.0.012023.2",
        "environmentType": 3,
        "resourceName": "UmerDataDbFactory",
        "resourceRegion": "eastus",
        "resourceGroup": "UmerUI",
        "subscriptionId": "990e04e8-f1bd-445f-95a1-d4feef0cdf38",
        "sessionId": "iy/xcklYl+mJGA1+m3iD6M",
        "operationId": "",
        "gitType": "live",
        "loggingKey": "4caefd4c-7065-4c96-8317-11c4c57319f7"
    },
    "additionalInfo": {
        "selectedResource": "CopyingDataPipelineP1",
        "selectedResourceType": "pipeline"
    }
}