{
    "now": "2023-01-21T08:17:40.179Z",
    "perfNow": 77006.19999998808,
    "diagnosticCorrelation": "a1307284-2590-4057-9287-3c122cbed5ce",
    "source": "DownloadSupportFiles",
    "environment": {
        "productName": "adf",
        "buildVersion": "1.0.012023.2",
        "environmentType": 3,
        "resourceName": "UmerDataDbFactory",
        "resourceRegion": "eastus",
        "resourceGroup": "UmerUI",
        "subscriptionId": "990e04e8-f1bd-445f-95a1-d4feef0cdf38",
        "sessionId": "iy/xcklYl+mJGA1+m3iD6M",
        "operationId": "",
        "gitType": "live",
        "loggingKey": "4caefd4c-7065-4c96-8317-11c4c57319f7"
    },
    "additionalInfo": {
        "selectedResource": "DataFlowPipelineP3",
        "selectedResourceType": "pipeline"
    }
}