{
    "name": "dataflow2",
    "properties": {
        "type": "MappingDataFlow",
        "typeProperties": {
            "sources": [
                {
                    "dataset": {
                        "referenceName": "CarsProduce",
                        "type": "DatasetReference"
                    },
                    "name": "raw3"
                }
            ],
            "sinks": [
                {
                    "dataset": {
                        "referenceName": "FilteredData",
                        "type": "DatasetReference"
                    },
                    "name": "sink1"
                }
            ],
            "transformations": [
                {
                    "name": "derivedColumn1"
                },
                {
                    "name": "filteryears"
                }
            ],
            "scriptLines": [
                "source(output(",
                "          {ID Number} as string,",
                "          {Cars Produce} as string,",
                "          Year as string",
                "     ),",
                "     allowSchemaDrift: true,",
                "     validateSchema: false,",
                "     ignoreNoFilesFound: false) ~> raw3",
                "raw3 derive({Cars Produce} = iif(isNull({Cars Produce}), '0', {Cars Produce})) ~> derivedColumn1",
                "derivedColumn1 filter(equals(Year,'2019')) ~> filteryears",
                "filteryears sink(allowSchemaDrift: true,",
                "     validateSchema: false,",
                "     skipDuplicateMapInputs: true,",
                "     skipDuplicateMapOutputs: true,",
                "     partitionBy('hash', 1)) ~> sink1"
            ]
        }
    }
}