{
    "name": "AzureSqlTable5",
    "properties": {
        "linkedServiceName": {
            "referenceName": "AzureSqlDatabase",
            "type": "LinkedServiceReference"
        },
        "parameters": {
            "table": {
                "type": "string"
            }
        },
        "annotations": [],
        "type": "AzureSqlTable",
        "schema": [],
        "typeProperties": {
            "schema": "SalesLT",
            "table": {
                "value": "@dataset().table",
                "type": "Expression"
            }
        }
    },
    "type": "Microsoft.DataFactory/factories/datasets"
}