{
    "name": "DelimitedText6",
    "properties": {
        "linkedServiceName": {
            "referenceName": "AzureBlobStorage",
            "type": "LinkedServiceReference"
        },
        "parameters": {
            "location": {
                "type": "string"
            }
        },
        "annotations": [],
        "type": "DelimitedText",
        "typeProperties": {
            "location": {
                "type": "AzureBlobStorageLocation",
                "container": {
                    "value": "@dataset().location",
                    "type": "Expression"
                }
            },
            "columnDelimiter": ",",
            "escapeChar": "\\",
            "quoteChar": "\""
        },
        "schema": []
    },
    "type": "Microsoft.DataFactory/factories/datasets"
}