{
    "now": "2023-01-21T08:17:52.139Z",
    "perfNow": 88966.5,
    "diagnosticCorrelation": "d8a88840-79aa-49c9-8f58-781e697241a6",
    "source": "DownloadSupportFiles",
    "environment": {
        "productName": "adf",
        "buildVersion": "1.0.012023.2",
        "environmentType": 3,
        "resourceName": "UmerDataDbFactory",
        "resourceRegion": "eastus",
        "resourceGroup": "UmerUI",
        "subscriptionId": "990e04e8-f1bd-445f-95a1-d4feef0cdf38",
        "sessionId": "iy/xcklYl+mJGA1+m3iD6M",
        "operationId": "",
        "gitType": "live",
        "loggingKey": "4caefd4c-7065-4c96-8317-11c4c57319f7"
    },
    "additionalInfo": {
        "selectedResource": "TransmitColsP3",
        "selectedResourceType": "pipeline"
    }
}