{
    "name": "DelimitedText2",
    "properties": {
        "linkedServiceName": {
            "referenceName": "AzureBlobStorage",
            "type": "LinkedServiceReference"
        },
        "annotations": [],
        "type": "DelimitedText",
        "typeProperties": {
            "location": {
                "type": "AzureBlobStorageLocation",
                "fileName": "SalesLT.Product.txt",
                "container": "raw"
            },
            "columnDelimiter": ",",
            "escapeChar": "\\",
            "quoteChar": "\""
        },
        "schema": [
            {
                "type": "String"
            },
            {
                "type": "String"
            },
            {
                "type": "String"
            },
            {
                "type": "String"
            },
            {
                "type": "String"
            },
            {
                "type": "String"
            },
            {
                "type": "String"
            },
            {
                "type": "String"
            },
            {
                "type": "String"
            },
            {
                "type": "String"
            },
            {
                "type": "String"
            },
            {
                "type": "String"
            },
            {
                "type": "String"
            },
            {
                "type": "String"
            },
            {
                "type": "String"
            },
            {
                "type": "String"
            },
            {
                "type": "String"
            }
        ]
    },
    "type": "Microsoft.DataFactory/factories/datasets"
}