{
    "name": "dataflow3",
    "properties": {
        "type": "MappingDataFlow",
        "typeProperties": {
            "sources": [
                {
                    "dataset": {
                        "referenceName": "Excel1",
                        "type": "DatasetReference"
                    },
                    "name": "raw4"
                }
            ],
            "sinks": [
                {
                    "dataset": {
                        "referenceName": "OutputData",
                        "type": "DatasetReference"
                    },
                    "name": "sink1"
                }
            ],
            "transformations": [
                {
                    "name": "selectingData"
                },
                {
                    "name": "sort1"
                },
                {
                    "name": "aggregate1"
                }
            ],
            "scriptLines": [
                "source(output(",
                "          {ID Number} as string,",
                "          {Cars Produce} as integer,",
                "          Year as string",
                "     ),",
                "     allowSchemaDrift: true,",
                "     validateSchema: false,",
                "     ignoreNoFilesFound: false) ~> raw4",
                "raw4 select(mapColumn(",
                "          {Cars Produce},",
                "          Year",
                "     ),",
                "     skipDuplicateMapInputs: true,",
                "     skipDuplicateMapOutputs: true) ~> selectingData",
                "selectingData sort(desc(Year, true)) ~> sort1",
                "sort1 aggregate(groupBy(Year),",
                "     {Cars Produce} = sum({Cars Produce})) ~> aggregate1",
                "aggregate1 sink(allowSchemaDrift: true,",
                "     validateSchema: false,",
                "     skipDuplicateMapInputs: true,",
                "     skipDuplicateMapOutputs: true,",
                "     partitionBy('hash', 1)) ~> sink1"
            ]
        }
    }
}