{
    "name": "AzureSqlTable4",
    "properties": {
        "linkedServiceName": {
            "referenceName": "AzureSqlDatabase",
            "type": "LinkedServiceReference"
        },
        "annotations": [],
        "type": "AzureSqlTable",
        "schema": [
            {
                "name": "ProductID",
                "type": "int",
                "precision": 10
            },
            {
                "name": "Name",
                "type": "nvarchar"
            },
            {
                "name": "ProductNumber",
                "type": "nvarchar"
            },
            {
                "name": "Color",
                "type": "nvarchar"
            },
            {
                "name": "StandardCost",
                "type": "money",
                "precision": 19,
                "scale": 4
            },
            {
                "name": "ListPrice",
                "type": "money",
                "precision": 19,
                "scale": 4
            },
            {
                "name": "Size",
                "type": "nvarchar"
            },
            {
                "name": "Weight",
                "type": "decimal",
                "precision": 8,
                "scale": 2
            },
            {
                "name": "ProductCategoryID",
                "type": "int",
                "precision": 10
            },
            {
                "name": "ProductModelID",
                "type": "int",
                "precision": 10
            },
            {
                "name": "SellStartDate",
                "type": "datetime",
                "precision": 23,
                "scale": 3
            },
            {
                "name": "SellEndDate",
                "type": "datetime",
                "precision": 23,
                "scale": 3
            },
            {
                "name": "DiscontinuedDate",
                "type": "datetime",
                "precision": 23,
                "scale": 3
            },
            {
                "name": "ThumbNailPhoto",
                "type": "varbinary"
            },
            {
                "name": "ThumbnailPhotoFileName",
                "type": "nvarchar"
            },
            {
                "name": "rowguid",
                "type": "uniqueidentifier"
            },
            {
                "name": "ModifiedDate",
                "type": "datetime",
                "precision": 23,
                "scale": 3
            }
        ],
        "typeProperties": {
            "schema": "SalesLT",
            "table": "Product"
        }
    },
    "type": "Microsoft.DataFactory/factories/datasets"
}