{
    "name": "ParametrizedcopyingDataPipelineP5",
    "properties": {
        "activities": [
            {
                "name": "Copy data1_copy1",
                "type": "Copy",
                "dependsOn": [],
                "policy": {
                    "timeout": "0.12:00:00",
                    "retry": 0,
                    "retryIntervalInSeconds": 30,
                    "secureOutput": false,
                    "secureInput": false
                },
                "userProperties": [],
                "typeProperties": {
                    "source": {
                        "type": "AzureSqlSource",
                        "queryTimeout": "02:00:00",
                        "partitionOption": "None"
                    },
                    "sink": {
                        "type": "DelimitedTextSink",
                        "storeSettings": {
                            "type": "AzureBlobStorageWriteSettings"
                        },
                        "formatSettings": {
                            "type": "DelimitedTextWriteSettings",
                            "quoteAllText": true,
                            "fileExtension": ".txt"
                        }
                    },
                    "enableStaging": false,
                    "translator": {
                        "type": "TabularTranslator",
                        "typeConversion": true,
                        "typeConversionSettings": {
                            "allowDataTruncation": true,
                            "treatBooleanAsNumber": false
                        }
                    }
                },
                "inputs": [
                    {
                        "referenceName": "AzureSqlTable5",
                        "type": "DatasetReference",
                        "parameters": {
                            "table": {
                                "value": "@pipeline().parameters.table",
                                "type": "Expression"
                            }
                        }
                    }
                ],
                "outputs": [
                    {
                        "referenceName": "DelimitedText6",
                        "type": "DatasetReference",
                        "parameters": {
                            "location": {
                                "value": "@pipeline().parameters.location",
                                "type": "Expression"
                            }
                        }
                    }
                ]
            }
        ],
        "parameters": {
            "table": {
                "type": "string"
            },
            "location": {
                "type": "string"
            }
        },
        "annotations": [],
        "lastPublishTime": "2022-12-28T11:06:22Z"
    },
    "type": "Microsoft.DataFactory/factories/pipelines"
}