{
    "now": "2023-01-21T08:17:22.761Z",
    "perfNow": 59588.39999997616,
    "diagnosticCorrelation": "0e92a20a-a95e-4d57-a3db-3f7c6e6f011a",
    "source": "DownloadSupportFiles",
    "environment": {
        "productName": "adf",
        "buildVersion": "1.0.012023.2",
        "environmentType": 3,
        "resourceName": "UmerDataDbFactory",
        "resourceRegion": "eastus",
        "resourceGroup": "UmerUI",
        "subscriptionId": "990e04e8-f1bd-445f-95a1-d4feef0cdf38",
        "sessionId": "iy/xcklYl+mJGA1+m3iD6M",
        "operationId": "",
        "gitType": "live",
        "loggingKey": "4caefd4c-7065-4c96-8317-11c4c57319f7"
    },
    "additionalInfo": {
        "selectedResource": "CopyingDataPipelineP2",
        "selectedResourceType": "pipeline"
    }
}