{
    "name": "Binary1",
    "properties": {
        "linkedServiceName": {
            "referenceName": "AzureBlobStorage",
            "type": "LinkedServiceReference"
        },
        "annotations": [],
        "type": "Binary",
        "typeProperties": {
            "location": {
                "type": "AzureBlobStorageLocation",
                "fileName": "Total Revenue.xlsx",
                "container": "raw"
            }
        }
    },
    "type": "Microsoft.DataFactory/factories/datasets"
}