{
    "name": "DataFlowPipelineP3",
    "properties": {
        "activities": [
            {
                "name": "dataflow3",
                "type": "ExecuteDataFlow",
                "dependsOn": [],
                "policy": {
                    "timeout": "0.12:00:00",
                    "retry": 0,
                    "retryIntervalInSeconds": 30,
                    "secureOutput": false,
                    "secureInput": false
                },
                "userProperties": [],
                "typeProperties": {
                    "dataflow": {
                        "referenceName": "dataflow3",
                        "type": "DataFlowReference"
                    },
                    "compute": {
                        "coreCount": 8,
                        "computeType": "General"
                    },
                    "traceLevel": "Fine"
                }
            }
        ],
        "annotations": [],
        "lastPublishTime": "2022-12-27T14:38:04Z"
    },
    "type": "Microsoft.DataFactory/factories/pipelines"
}