{
    "now": "2023-01-21T08:17:26.305Z",
    "perfNow": 63132.80000001192,
    "diagnosticCorrelation": "3f6f756b-911c-4b54-9b34-5aeb268223dc",
    "source": "DownloadSupportFiles",
    "environment": {
        "productName": "adf",
        "buildVersion": "1.0.012023.2",
        "environmentType": 3,
        "resourceName": "UmerDataDbFactory",
        "resourceRegion": "eastus",
        "resourceGroup": "UmerUI",
        "subscriptionId": "990e04e8-f1bd-445f-95a1-d4feef0cdf38",
        "sessionId": "iy/xcklYl+mJGA1+m3iD6M",
        "operationId": "",
        "gitType": "live",
        "loggingKey": "4caefd4c-7065-4c96-8317-11c4c57319f7"
    },
    "additionalInfo": {
        "selectedResource": "CopyingDataPipelineP2_secured",
        "selectedResourceType": "pipeline"
    }
}